{"gold": 4539.2481552496, "silver": 75.2858749598, "as_of": "2026-06-01T07:58:58.260863-04:00"}