{"gold": 4154.264456321, "silver": 61.8080263099, "as_of": "2026-07-08T06:30:23.289620-04:00"}