{"gold": 4012.1761521867, "silver": 58.3049793304, "as_of": "2026-07-01T06:30:19.376351-04:00"}