{"gold": 4328.9987069281, "silver": 67.7540881631, "as_of": "2026-06-08T06:30:35.208956-04:00"}