{"gold": 4509.5991327139, "silver": 75.5147996812, "as_of": "2026-05-25T06:30:22.315673-04:00"}