{"gold": 4488.0442987924, "silver": 74.0995796983, "as_of": "2026-05-21T08:56:57.477249-04:00"}