{"gold": 4475.6286356091, "silver": 74.7732471371, "as_of": "2026-06-04T06:30:24.020527-04:00"}