{"gold": 4103.1297032124, "silver": 59.8663734651, "as_of": "2026-07-09T06:30:22.488371-04:00"}