{"gold": 4540.5342574229, "silver": 75.6277166658, "as_of": "2026-06-02T06:30:25.541130-04:00"}