{"gold": 4055.8441063313, "silver": 57.7158392169, "as_of": "2026-07-17T07:49:39.563095-04:00"}