{"gold": 4126.9414164158, "silver": 59.6517248362, "as_of": "2026-07-24T07:11:38.695879-04:00"}