{"gold": 4218.7577783347, "silver": 64.8509317999, "as_of": "2026-06-11T06:30:21.723859-04:00"}