{"gold": 4052.5502293338, "silver": 58.7805349082, "as_of": "2026-07-16T13:12:35.222864-04:00"}