{"gold": 4091.1541882373, "silver": 58.9870199181, "as_of": "2026-07-23T07:10:19.308647-04:00"}