{"gold": 4155.9892376503, "silver": 64.8415007547, "as_of": "2026-06-23T06:30:23.551206-04:00"}