{"gold": 3995.1626570548, "silver": 56.0813204271, "as_of": "2026-07-21T07:10:01.278148-04:00"}