{"gold": 4572.6556108999, "silver": 78.4500768932, "as_of": "2026-05-26T06:30:21.641255-04:00"}