{"gold": 4011.3199448845, "silver": 56.3945634806, "as_of": "2026-07-22T09:57:21.809981-04:00"}