{"gold": 4480.3329066563, "silver": 74.9111226349, "as_of": "2026-06-03T06:30:27.060958-04:00"}