{"gold": 4344.0241214971, "silver": 68.1012438856, "as_of": "2026-06-09T06:30:23.806046-04:00"}