{"gold": 4009.9945103175, "silver": 57.6544929973, "as_of": "2026-06-26T06:30:21.216207-04:00"}