{"gold": 4048.2715904445, "silver": 62.3724724631, "as_of": "2026-06-12T06:30:22.208138-04:00"}