{"gold": 4455.3570990992, "silver": 73.142010267, "as_of": "2026-06-05T06:30:21.691567-04:00"}