{"gold": 4521.7564310681, "silver": 77.4254483714, "as_of": "2026-05-28T06:30:25.510572-04:00"}