{"gold": 4175.1613804253, "silver": 62.3502506751, "as_of": "2026-07-06T06:30:21.649675-04:00"}