{"gold": 4055.8441063313, "silver": 57.7158392169, "as_of": "2026-07-17T08:17:25.704221-04:00"}