{"gold": 4016.6110968521, "silver": 55.9010345079, "as_of": "2026-07-20T07:07:04.190525-04:00"}