{"gold": 4447.6150998312, "silver": 74.4928630176, "as_of": "2026-05-29T06:30:25.100440-04:00"}