{"gold": 4319.5312790219, "silver": 67.8891999919, "as_of": "2026-06-10T06:30:24.589893-04:00"}