{"gold": 4296.444348586, "silver": 68.6447992709, "as_of": "2026-06-19T06:30:18.028534-04:00"}