{"gold": 4216.496875365, "silver": 68.0166650624, "as_of": "2026-06-15T07:52:35.964264-04:00"}