{"gold": 4526.9721527835, "silver": 76.3820616056, "as_of": "2026-05-19T10:54:19.966519-04:00"}