{"gold": 4176.3854636728, "silver": 62.617587611, "as_of": "2026-07-07T06:30:17.801703-04:00"}