{"gold": 4155.6006484399, "silver": 64.8523604884, "as_of": "2026-06-22T06:30:20.599515-04:00"}