{"gold": 4526.9721527835, "silver": 76.3820616056, "as_of": "2026-05-19T10:45:08.759573-04:00"}