{"gold": 4008.933507428, "silver": 58.5470170163, "as_of": "2026-07-02T06:30:26.466704-04:00"}