{"gold": 4544.3577027545, "silver": 75.6516989125, "as_of": "2026-05-22T06:30:22.306262-04:00"}