{"gold": 4551.5929892724, "silver": 77.4429994355, "as_of": "2026-05-27T06:30:26.872226-04:00"}