{"gold": 4086.7619563329, "silver": 59.2546930487, "as_of": "2026-07-14T06:30:24.986226-04:00"}