{"gold": 4526.9721527835, "silver": 76.3820616056, "as_of": "2026-05-19T17:25:05.408962-04:00"}