{"gold": 4338.5378433302, "silver": 70.2376449981, "as_of": "2026-06-18T06:30:49.020777-04:00"}