{"gold": 4089.2888031592, "silver": 59.1713294365, "as_of": "2026-06-29T06:30:22.138848-04:00"}