{"gold": 4042.6254426675, "silver": 59.2743765963, "as_of": "2026-07-03T06:30:30.752231-04:00"}