{"gold": 4116.5629498631, "silver": 59.8629179885, "as_of": "2026-07-13T06:30:21.059568-04:00"}