{"gold": 4059.6311094403, "silver": 58.5800225955, "as_of": "2026-06-30T06:30:24.776850-04:00"}