{"gold": 4580.5645729059, "silver": 78.4770560437, "as_of": "2026-05-20T08:52:34.589840-04:00"}