{"gold": 4299.8916427306, "silver": 70.4307994224, "as_of": "2026-06-16T06:30:29.533205-04:00"}