{"gold": 4084.6936724827, "silver": 58.5331094699, "as_of": "2026-07-10T06:30:32.560417-04:00"}