{"gold": 4315.1323925769, "silver": 69.8789991323, "as_of": "2026-06-17T06:30:32.256161-04:00"}