{"gold": 4108.4684985232, "silver": 61.7003088526, "as_of": "2026-06-25T06:30:24.187897-04:00"}